Model,TBS1052C
Firmware Version,v2015-08-04-prequal4ch70_v1.3

Point Format,Y
Horizontal Units,S
Horizontal Scale,0.002
Sample Interval,1.6e-05
Filter Frequency,2e+08
Record Length,2000
Gating,0.0% to 100.0%
Probe Attenuation,10
Vertical Units,V
Vertical Offset,0
Vertical Scale,0.01
Label,
TIME,CH1
-1.728e-02,-0.0036
-1.726e-02,-0.0028
-1.725e-02,-0.0012
-1.723e-02,-0.0028
-1.722e-02,-0.0024
-1.720e-02,-0.0032
-1.718e-02,-0.0032
-1.717e-02,-0.0016
-1.715e-02,-0.002
-1.714e-02,-0.0032
-1.712e-02,-0.0024
-1.710e-02,-0.0016
-1.709e-02,-0.004
-1.707e-02,-0.0036
-1.706e-02,-0.0044
-1.704e-02,-0.002
-1.702e-02,-0.0028
-1.701e-02,-0.0028
-1.699e-02,-0.0036
-1.698e-02,-0.0012
-1.696e-02,-0.0012
-1.694e-02,-0.0012
-1.693e-02,-0.0016
-1.691e-02,-0.0028
-1.690e-02,-0.0036
-1.688e-02,-0.0024
-1.686e-02,-0.0044
-1.685e-02,-0.0032
-1.683e-02,-0.0028
-1.682e-02,-0.002
-1.680e-02,-0.0012
-1.678e-02,-0.0024
-1.677e-02,-0.0028
-1.675e-02,-0.0036
-1.674e-02,-0.0024
-1.672e-02,-0.002
-1.670e-02,-0.0032
-1.669e-02,-0.002
-1.667e-02,-0.0024
-1.666e-02,-0.0028
-1.664e-02,-0.0028
-1.662e-02,-0.0008
-1.661e-02,-0.0032
-1.659e-02,-0.0036
-1.658e-02,-0.004
-1.656e-02,-0.0024
-1.654e-02,-0.0028
-1.653e-02,-0.0012
-1.651e-02,-0.0008
-1.650e-02,-0.0028
-1.648e-02,-0.0032
-1.646e-02,-0.002
-1.645e-02,-0.0032
-1.643e-02,-0.0016
-1.642e-02,-0.0016
-1.640e-02,-0.002
-1.638e-02,-0.002
-1.637e-02,-0.0012
-1.635e-02,-0.0036
-1.634e-02,-0.0044
-1.632e-02,-0.0032
-1.630e-02,-0.0028
-1.629e-02,-0.004
-1.627e-02,-0.0028
-1.626e-02,-0.0036
-1.624e-02,-0.0028
-1.622e-02,-0.0036
-1.621e-02,-0.0024
-1.619e-02,-0.0032
-1.618e-02,-0.0028
-1.616e-02,-0.0024
-1.614e-02,-0.0028
-1.613e-02,-0.0012
-1.611e-02,-0.0024
-1.610e-02,-0.004
-1.608e-02,-0.004
-1.606e-02,-0.0028
-1.605e-02,-0.0036
-1.603e-02,-0.0028
-1.602e-02,-0.0028
-1.600e-02,-0.0032
-1.598e-02,-0.0028
-1.597e-02,-0.0024
-1.595e-02,-0.0024
-1.594e-02,-0.002
-1.592e-02,-0.0028
-1.590e-02,-0.0016
-1.589e-02,-0.0028
-1.587e-02,-0.0016
-1.586e-02,-0.0044
-1.584e-02,-0.0024
-1.582e-02,-0.0028
-1.581e-02,-0.0032
-1.579e-02,-0.0032
-1.578e-02,-0.0032
-1.576e-02,-0.0036
-1.574e-02,-0.002
-1.573e-02,-0.0016
-1.571e-02,-0.0012
-1.570e-02,-0.0036
-1.568e-02,-0.002
-1.566e-02,-0.004
-1.565e-02,-0.004
-1.563e-02,-0.0016
-1.562e-02,-0.002
-1.560e-02,-0.002
-1.558e-02,-0.002
-1.557e-02,-0.0028
-1.555e-02,-0.0036
-1.554e-02,-0.0024
-1.552e-02,-0.0036
-1.550e-02,-0.0028
-1.549e-02,-0.0024
-1.547e-02,-0.002
-1.546e-02,-0.0028
-1.544e-02,-0.004
-1.542e-02,-0.0032
-1.541e-02,-0.0016
-1.539e-02,-0.0024
-1.538e-02,-0.004
-1.536e-02,-0.0024
-1.534e-02,-0.004
-1.533e-02,-0.0028
-1.531e-02,-0.0028
-1.530e-02,-0.0028
-1.528e-02,-0.0032
-1.526e-02,-0.0036
-1.525e-02,-0.0036
-1.523e-02,-0.0032
-1.522e-02,-0.004
-1.520e-02,-0.0032
-1.518e-02,-0.0036
-1.517e-02,-0.002
-1.515e-02,-0.0032
-1.514e-02,-0.004
-1.512e-02,-0.0028
-1.510e-02,-0.0032
-1.509e-02,-0.0032
-1.507e-02,-0.0024
-1.506e-02,-0.0048
-1.504e-02,-0.0028
-1.502e-02,-0.002
-1.501e-02,-0.0044
-1.499e-02,-0.0032
-1.498e-02,-0.0028
-1.496e-02,-0.0044
-1.494e-02,-0.0036
-1.493e-02,-0.0032
-1.491e-02,-0.0044
-1.490e-02,-0.0036
-1.488e-02,-0.0036
-1.486e-02,-0.0036
-1.485e-02,-0.0032
-1.483e-02,-0.004
-1.482e-02,-0.004
-1.480e-02,-0.0036
-1.478e-02,-0.0032
-1.477e-02,-0.0032
-1.475e-02,-0.0032
-1.474e-02,-0.0024
-1.472e-02,-0.004
-1.470e-02,-0.004
-1.469e-02,-0.004
-1.467e-02,-0.0024
-1.466e-02,-0.004
-1.464e-02,-0.004
-1.462e-02,-0.002
-1.461e-02,-0.0024
-1.459e-02,-0.0028
-1.458e-02,-0.0028
-1.456e-02,-0.002
-1.454e-02,-0.002
-1.453e-02,-0.0024
-1.451e-02,-0.0056
-1.450e-02,-0.0048
-1.448e-02,-0.002
-1.446e-02,-0.0032
-1.445e-02,-0.0016
-1.443e-02,-0.0028
-1.442e-02,-0.0048
-1.440e-02,-0.0044
-1.438e-02,-0.0044
-1.437e-02,-0.0028
-1.435e-02,-0.0032
-1.434e-02,-0.0032
-1.432e-02,-0.002
-1.430e-02,-0.0016
-1.429e-02,-0.0036
-1.427e-02,-0.0048
-1.426e-02,-0.0044
-1.424e-02,-0.0036
-1.422e-02,-0.0048
-1.421e-02,-0.0036
-1.419e-02,-0.0024
-1.418e-02,-0.004
-1.416e-02,-0.0024
-1.414e-02,-0.0024
-1.413e-02,-0.0032
-1.411e-02,-0.0044
-1.410e-02,-0.0032
-1.408e-02,-0.004
-1.406e-02,-0.0044
-1.405e-02,-0.0032
-1.403e-02,-0.0048
-1.402e-02,-0.0032
-1.400e-02,-0.002
-1.398e-02,-0.0044
-1.397e-02,-0.0032
-1.395e-02,-0.0032
-1.394e-02,-0.0036
-1.392e-02,-0.0016
-1.390e-02,-0.004
-1.389e-02,-0.0036
-1.387e-02,-0.0036
-1.386e-02,-0.0032
-1.384e-02,-0.0036
-1.382e-02,-0.0036
-1.381e-02,-0.0052
-1.379e-02,-0.0032
-1.378e-02,-0.004
-1.376e-02,-0.0048
-1.374e-02,-0.0036
-1.373e-02,-0.0052
-1.371e-02,-0.004
-1.370e-02,-0.0048
-1.368e-02,-0.0036
-1.366e-02,-0.0052
-1.365e-02,-0.0048
-1.363e-02,-0.0044
-1.362e-02,-0.004
-1.360e-02,-0.0048
-1.358e-02,-0.0056
-1.357e-02,-0.0028
-1.355e-02,-0.0052
-1.354e-02,-0.0036
-1.352e-02,-0.0056
-1.350e-02,-0.0048
-1.349e-02,-0.0036
-1.347e-02,-0.0048
-1.346e-02,-0.0036
-1.344e-02,-0.0052
-1.342e-02,-0.0048
-1.341e-02,-0.004
-1.339e-02,-0.0048
-1.338e-02,-0.0052
-1.336e-02,-0.0036
-1.334e-02,-0.0048
-1.333e-02,-0.0048
-1.331e-02,-0.0056
-1.330e-02,-0.0028
-1.328e-02,-0.0028
-1.326e-02,-0.0032
-1.325e-02,-0.0048
-1.323e-02,-0.0048
-1.322e-02,-0.0044
-1.320e-02,-0.0048
-1.318e-02,-0.0044
-1.317e-02,-0.0044
-1.315e-02,-0.0044
-1.314e-02,-0.0032
-1.312e-02,-0.0032
-1.310e-02,-0.0036
-1.309e-02,-0.004
-1.307e-02,-0.004
-1.306e-02,-0.0036
-1.304e-02,-0.004
-1.302e-02,-0.0056
-1.301e-02,-0.0024
-1.299e-02,-0.0032
-1.298e-02,-0.004
-1.296e-02,-0.0044
-1.294e-02,-0.0044
-1.293e-02,-0.0024
-1.291e-02,-0.0048
-1.290e-02,-0.0028
-1.288e-02,-0.004
-1.286e-02,-0.004
-1.285e-02,-0.0048
-1.283e-02,-0.0032
-1.282e-02,-0.0032
-1.280e-02,-0.0012
-1.278e-02,-0.0032
-1.277e-02,-0.0028
-1.275e-02,-0.0036
-1.274e-02,-0.0044
-1.272e-02,-0.0016
-1.270e-02,-0.0028
-1.269e-02,-0.0024
-1.267e-02,-0.004
-1.266e-02,-0.0044
-1.264e-02,-0.0032
-1.262e-02,-0.004
-1.261e-02,-0.0028
-1.259e-02,-0.0032
-1.258e-02,-0.004
-1.256e-02,-0.0044
-1.254e-02,-0.0028
-1.253e-02,-0.0052
-1.251e-02,-0.0044
-1.250e-02,-0.004
-1.248e-02,-0.0032
-1.246e-02,-0.0044
-1.245e-02,-0.002
-1.243e-02,-0.004
-1.242e-02,-0.004
-1.240e-02,-0.0028
-1.238e-02,-0.0052
-1.237e-02,-0.0036
-1.235e-02,-0.004
-1.234e-02,-0.0032
-1.232e-02,-0.0048
-1.230e-02,-0.004
-1.229e-02,-0.0028
-1.227e-02,-0.0044
-1.226e-02,-0.0044
-1.224e-02,-0.004
-1.222e-02,-0.006
-1.221e-02,-0.0028
-1.219e-02,-0.0044
-1.218e-02,-0.002
-1.216e-02,-0.004
-1.214e-02,-0.0036
-1.213e-02,-0.0032
-1.211e-02,-0.0044
-1.210e-02,-0.0036
-1.208e-02,-0.0044
-1.206e-02,-0.0056
-1.205e-02,-0.0044
-1.203e-02,-0.0044
-1.202e-02,-0.0036
-1.200e-02,-0.0036
-1.198e-02,-0.0016
-1.197e-02,-0.0036
-1.195e-02,-0.0048
-1.194e-02,-0.0036
-1.192e-02,-0.0032
-1.190e-02,-0.0048
-1.189e-02,-0.0056
-1.187e-02,-0.0048
-1.186e-02,-0.004
-1.184e-02,-0.0048
-1.182e-02,-0.0036
-1.181e-02,-0.0052
-1.179e-02,-0.004
-1.178e-02,-0.004
-1.176e-02,-0.004
-1.174e-02,-0.0052
-1.173e-02,-0.0032
-1.171e-02,-0.0028
-1.170e-02,-0.0036
-1.168e-02,-0.0028
-1.166e-02,-0.0036
-1.165e-02,-0.0036
-1.163e-02,-0.0044
-1.162e-02,-0.0036
-1.160e-02,-0.006
-1.158e-02,-0.002
-1.157e-02,-0.0044
-1.155e-02,-0.0024
-1.154e-02,-0.0048
-1.152e-02,-0.004
-1.150e-02,-0.0052
-1.149e-02,-0.0048
-1.147e-02,-0.004
-1.146e-02,-0.004
-1.144e-02,-0.0044
-1.142e-02,-0.0024
-1.141e-02,-0.0044
-1.139e-02,-0.0048
-1.138e-02,-0.0056
-1.136e-02,-0.004
-1.134e-02,-0.0048
-1.133e-02,-0.0044
-1.131e-02,-0.0064
-1.130e-02,-0.0044
-1.128e-02,-0.0036
-1.126e-02,-0.0048
-1.125e-02,-0.0032
-1.123e-02,-0.0044
-1.122e-02,-0.004
-1.120e-02,-0.004
-1.118e-02,-0.0052
-1.117e-02,-0.0056
-1.115e-02,-0.0052
-1.114e-02,-0.0036
-1.112e-02,-0.0052
-1.110e-02,-0.0036
-1.109e-02,-0.0044
-1.107e-02,-0.0056
-1.106e-02,-0.004
-1.104e-02,-0.0028
-1.102e-02,-0.0056
-1.101e-02,-0.0048
-1.099e-02,-0.004
-1.098e-02,-0.0036
-1.096e-02,-0.004
-1.094e-02,-0.0048
-1.093e-02,-0.0048
-1.091e-02,-0.0036
-1.090e-02,-0.0032
-1.088e-02,-0.0048
-1.086e-02,-0.0024
-1.085e-02,-0.0044
-1.083e-02,-0.0048
-1.082e-02,-0.0036
-1.080e-02,-0.0056
-1.078e-02,-0.0052
-1.077e-02,-0.006
-1.075e-02,-0.0048
-1.074e-02,-0.004
-1.072e-02,-0.0032
-1.070e-02,-0.004
-1.069e-02,-0.0036
-1.067e-02,-0.0044
-1.066e-02,-0.006
-1.064e-02,-0.004
-1.062e-02,-0.0052
-1.061e-02,-0.0012
-1.059e-02,-0.004
-1.058e-02,-0.0032
-1.056e-02,-0.0036
-1.054e-02,-0.0052
-1.053e-02,-0.0052
-1.051e-02,-0.0044
-1.050e-02,-0.0036
-1.048e-02,-0.0048
-1.046e-02,-0.0036
-1.045e-02,-0.0048
-1.043e-02,-0.0036
-1.042e-02,-0.0044
-1.040e-02,-0.0036
-1.038e-02,-0.004
-1.037e-02,-0.0036
-1.035e-02,-0.0036
-1.034e-02,-0.0036
-1.032e-02,-0.0052
-1.030e-02,-0.0048
-1.029e-02,-0.0048
-1.027e-02,-0.0056
-1.026e-02,-0.0036
-1.024e-02,-0.0044
-1.022e-02,-0.0036
-1.021e-02,-0.0056
-1.019e-02,-0.0056
-1.018e-02,-0.0044
-1.016e-02,-0.0068
-1.014e-02,-0.0044
-1.013e-02,-0.0052
-1.011e-02,-0.0024
-1.010e-02,-0.004
-1.008e-02,-0.0036
-1.006e-02,-0.0056
-1.005e-02,-0.0056
-1.003e-02,-0.0044
-1.002e-02,-0.0048
-1.000e-02,-0.006
-9.984e-03,-0.0052
-9.968e-03,-0.006
-9.952e-03,-0.0052
-9.936e-03,-0.0016
-9.920e-03,-0.0044
-9.904e-03,-0.0044
-9.888e-03,-0.0052
-9.872e-03,-0.0052
-9.856e-03,-0.0032
-9.840e-03,-0.004
-9.824e-03,-0.0032
-9.808e-03,-0.0032
-9.792e-03,-0.0048
-9.776e-03,-0.0032
-9.760e-03,-0.0048
-9.744e-03,-0.006
-9.728e-03,-0.0028
-9.712e-03,-0.0044
-9.696e-03,-0.0052
-9.680e-03,-0.0028
-9.664e-03,-0.004
-9.648e-03,-0.0056
-9.632e-03,-0.0032
-9.616e-03,-0.0032
-9.600e-03,-0.0024
-9.584e-03,-0.0072
-9.568e-03,-0.0036
-9.552e-03,-0.0044
-9.536e-03,-0.0016
-9.520e-03,-0.0036
-9.504e-03,-0.0048
-9.488e-03,-0.0024
-9.472e-03,-0.0044
-9.456e-03,-0.0052
-9.440e-03,-0.004
-9.424e-03,-0.0036
-9.408e-03,-0.004
-9.392e-03,-0.004
-9.376e-03,-0.004
-9.360e-03,-0.0044
-9.344e-03,-0.004
-9.328e-03,-0.0032
-9.312e-03,-0.0044
-9.296e-03,-0.0056
-9.280e-03,-0.0048
-9.264e-03,-0.004
-9.248e-03,-0.0032
-9.232e-03,-0.0044
-9.216e-03,-0.004
-9.200e-03,-0.004
-9.184e-03,-0.004
-9.168e-03,-0.0044
-9.152e-03,-0.004
-9.136e-03,-0.004
-9.120e-03,-0.0036
-9.104e-03,-0.0052
-9.088e-03,-0.004
-9.072e-03,-0.0048
-9.056e-03,-0.0044
-9.040e-03,-0.0044
-9.024e-03,-0.0036
-9.008e-03,-0.0032
-8.992e-03,-0.0044
-8.976e-03,-0.0028
-8.960e-03,-0.0048
-8.944e-03,-0.004
-8.928e-03,-0.0052
-8.912e-03,-0.0052
-8.896e-03,-0.0044
-8.880e-03,-0.0048
-8.864e-03,-0.006
-8.848e-03,-0.004
-8.832e-03,-0.0048
-8.816e-03,-0.0064
-8.800e-03,-0.0048
-8.784e-03,-0.0044
-8.768e-03,-0.0044
-8.752e-03,-0.006
-8.736e-03,-0.0056
-8.720e-03,-0.004
-8.704e-03,-0.0044
-8.688e-03,-0.0052
-8.672e-03,-0.002
-8.656e-03,-0.0052
-8.640e-03,-0.0052
-8.624e-03,-0.004
-8.608e-03,-0.0044
-8.592e-03,-0.004
-8.576e-03,-0.0056
-8.560e-03,-0.0056
-8.544e-03,-0.0036
-8.528e-03,-0.0044
-8.512e-03,-0.0044
-8.496e-03,-0.0044
-8.480e-03,-0.0056
-8.464e-03,-0.0048
-8.448e-03,-0.0044
-8.432e-03,-0.0052
-8.416e-03,-0.0036
-8.400e-03,-0.0052
-8.384e-03,-0.0028
-8.368e-03,-0.004
-8.352e-03,-0.0052
-8.336e-03,-0.0028
-8.320e-03,-0.006
-8.304e-03,-0.0032
-8.288e-03,-0.0052
-8.272e-03,-0.0036
-8.256e-03,-0.004
-8.240e-03,-0.0036
-8.224e-03,-0.0048
-8.208e-03,-0.0052
-8.192e-03,-0.0032
-8.176e-03,-0.0048
-8.160e-03,-0.0052
-8.144e-03,-0.0028
-8.128e-03,-0.0028
-8.112e-03,-0.0044
-8.096e-03,-0.0032
-8.080e-03,-0.004
-8.064e-03,-0.0032
-8.048e-03,-0.0048
-8.032e-03,-0.0064
-8.016e-03,-0.0028
-8.000e-03,-0.0052
-7.984e-03,-0.0028
-7.968e-03,-0.0032
-7.952e-03,-0.004
-7.936e-03,-0.0044
-7.920e-03,-0.0036
-7.904e-03,-0.0032
-7.888e-03,-0.004
-7.872e-03,-0.0044
-7.856e-03,-0.004
-7.840e-03,-0.0052
-7.824e-03,-0.0028
-7.808e-03,-0.0036
-7.792e-03,-0.0048
-7.776e-03,-0.004
-7.760e-03,-0.0036
-7.744e-03,-0.0032
-7.728e-03,-0.004
-7.712e-03,-0.0036
-7.696e-03,-0.0032
-7.680e-03,-0.0032
-7.664e-03,-0.0048
-7.648e-03,-0.0028
-7.632e-03,-0.0036
-7.616e-03,-0.0044
-7.600e-03,-0.004
-7.584e-03,-0.0032
-7.568e-03,-0.0044
-7.552e-03,-0.0044
-7.536e-03,-0.0036
-7.520e-03,-0.0044
-7.504e-03,-0.004
-7.488e-03,-0.0044
-7.472e-03,-0.0048
-7.456e-03,-0.004
-7.440e-03,-0.0028
-7.424e-03,-0.004
-7.408e-03,-0.0056
-7.392e-03,-0.004
-7.376e-03,-0.004
-7.360e-03,-0.006
-7.344e-03,-0.0028
-7.328e-03,-0.0024
-7.312e-03,-0.0036
-7.296e-03,-0.0052
-7.280e-03,-0.0036
-7.264e-03,-0.0036
-7.248e-03,-0.0044
-7.232e-03,-0.004
-7.216e-03,-0.0036
-7.200e-03,-0.0052
-7.184e-03,-0.0036
-7.168e-03,-0.0032
-7.152e-03,-0.0044
-7.136e-03,-0.0032
-7.120e-03,-0.0048
-7.104e-03,-0.0044
-7.088e-03,-0.0052
-7.072e-03,-0.0044
-7.056e-03,-0.0044
-7.040e-03,-0.004
-7.024e-03,-0.0048
-7.008e-03,-0.004
-6.992e-03,-0.0032
-6.976e-03,-0.004
-6.960e-03,-0.004
-6.944e-03,-0.0044
-6.928e-03,-0.0032
-6.912e-03,-0.0032
-6.896e-03,-0.004
-6.880e-03,-0.0024
-6.864e-03,-0.0032
-6.848e-03,-0.0044
-6.832e-03,-0.0028
-6.816e-03,-0.0048
-6.800e-03,-0.0056
-6.784e-03,-0.004
-6.768e-03,-0.0028
-6.752e-03,-0.0036
-6.736e-03,-0.0036
-6.720e-03,-0.004
-6.704e-03,-0.0024
-6.688e-03,-0.0028
-6.672e-03,-0.0028
-6.656e-03,-0.0024
-6.640e-03,-0.0016
-6.624e-03,-0.0032
-6.608e-03,-0.0044
-6.592e-03,-0.0048
-6.576e-03,-0.0052
-6.560e-03,-0.0024
-6.544e-03,-0.0036
-6.528e-03,-0.0052
-6.512e-03,-0.004
-6.496e-03,-0.0036
-6.480e-03,-0.0028
-6.464e-03,-0.0036
-6.448e-03,-0.002
-6.432e-03,-0.0044
-6.416e-03,-0.0028
-6.400e-03,-0.0032
-6.384e-03,-0.0032
-6.368e-03,-0.0044
-6.352e-03,-0.0048
-6.336e-03,-0.0044
-6.320e-03,-0.0036
-6.304e-03,-0.0028
-6.288e-03,-0.0044
-6.272e-03,-0.0032
-6.256e-03,-0.0044
-6.240e-03,-0.004
-6.224e-03,-0.0044
-6.208e-03,-0.0028
-6.192e-03,-0.0048
-6.176e-03,-0.0032
-6.160e-03,-0.0036
-6.144e-03,-0.0024
-6.128e-03,-0.0032
-6.112e-03,-0.0044
-6.096e-03,-0.004
-6.080e-03,-0.0024
-6.064e-03,-0.0028
-6.048e-03,-0.0032
-6.032e-03,-0.0024
-6.016e-03,-0.0024
-6.000e-03,-0.004
-5.984e-03,-0.0032
-5.968e-03,-0.004
-5.952e-03,-0.0024
-5.936e-03,-0.0016
-5.920e-03,-0.002
-5.904e-03,-0.004
-5.888e-03,-0.0056
-5.872e-03,-0.0024
-5.856e-03,-0.0036
-5.840e-03,-0.0036
-5.824e-03,-0.004
-5.808e-03,-0.0024
-5.792e-03,-0.002
-5.776e-03,-0.0032
-5.760e-03,-0.0032
-5.744e-03,-0.0044
-5.728e-03,-0.0032
-5.712e-03,-0.0036
-5.696e-03,-0.0024
-5.680e-03,-0.004
-5.664e-03,-0.002
-5.648e-03,-0.0028
-5.632e-03,-0.0036
-5.616e-03,-0.004
-5.600e-03,-0.0036
-5.584e-03,-0.0028
-5.568e-03,-0.0024
-5.552e-03,-0.0032
-5.536e-03,-0.004
-5.520e-03,-0.0032
-5.504e-03,-0.0032
-5.488e-03,-0.0028
-5.472e-03,-0.004
-5.456e-03,-0.0044
-5.440e-03,-0.004
-5.424e-03,-0.0028
-5.408e-03,-0.0028
-5.392e-03,-0.0028
-5.376e-03,-0.0044
-5.360e-03,-0.0048
-5.344e-03,-0.0036
-5.328e-03,-0.0032
-5.312e-03,-0.0036
-5.296e-03,-0.004
-5.280e-03,-0.004
-5.264e-03,-0.0048
-5.248e-03,-0.0024
-5.232e-03,-0.0032
-5.216e-03,-0.0032
-5.200e-03,-0.0024
-5.184e-03,-0.0036
-5.168e-03,-0.0028
-5.152e-03,-0.0032
-5.136e-03,-0.0028
-5.120e-03,-0.0024
-5.104e-03,-0.004
-5.088e-03,-0.0036
-5.072e-03,-0.0036
-5.056e-03,-0.002
-5.040e-03,-0.0024
-5.024e-03,-0.0024
-5.008e-03,-0.002
-4.992e-03,-0.0032
-4.976e-03,-0.0024
-4.960e-03,-0.002
-4.944e-03,-0.0028
-4.928e-03,-0.0052
-4.912e-03,-0.0008
-4.896e-03,-0.0016
-4.880e-03,-0.0016
-4.864e-03,-0.0016
-4.848e-03,-0.0024
-4.832e-03,-0.0016
-4.816e-03,-0.002
-4.800e-03,-0.0032
-4.784e-03,-0.0028
-4.768e-03,-0.002
-4.752e-03,-0.004
-4.736e-03,-0.0032
-4.720e-03,-0.0032
-4.704e-03,-0.0028
-4.688e-03,-0.0024
-4.672e-03,-0.004
-4.656e-03,-0.0024
-4.640e-03,-0.0024
-4.624e-03,-0.0024
-4.608e-03,-0.0028
-4.592e-03,-0.0028
-4.576e-03,-0.0036
-4.560e-03,-0.0016
-4.544e-03,-0.0024
-4.528e-03,-0.0036
-4.512e-03,-0.0016
-4.496e-03,-0.004
-4.480e-03,-0.0024
-4.464e-03,-0.002
-4.448e-03,-0.0028
-4.432e-03,-0.0028
-4.416e-03,-0.002
-4.400e-03,-0.0036
-4.384e-03,-0.0008
-4.368e-03,-0.004
-4.352e-03,-0.0044
-4.336e-03,-0.0032
-4.320e-03,-0.0028
-4.304e-03,-0.002
-4.288e-03,-0.0024
-4.272e-03,-0.0024
-4.256e-03,-0.0028
-4.240e-03,-0.0028
-4.224e-03,-0.002
-4.208e-03,-0.002
-4.192e-03,-0.002
-4.176e-03,-0.0024
-4.160e-03,-0.0016
-4.144e-03,-0.0032
-4.128e-03,-0.0032
-4.112e-03,-0.0032
-4.096e-03,-0.0024
-4.080e-03,-0.002
-4.064e-03,-0.0024
-4.048e-03,-0.002
-4.032e-03,-0.0044
-4.016e-03,-0.002
-4.000e-03,-0.002
-3.984e-03,-0.0036
-3.968e-03,-0.0008
-3.952e-03,-0.0028
-3.936e-03,-0.0024
-3.920e-03,-0.0024
-3.904e-03,-0.002
-3.888e-03,-0.0032
-3.872e-03,-0.0028
-3.856e-03,-0.0028
-3.840e-03,-0.0012
-3.824e-03,-0.0016
-3.808e-03,-0.0012
-3.792e-03,-0.0024
-3.776e-03,-0.0024
-3.760e-03,-0.0032
-3.744e-03,-0.002
-3.728e-03,-0.0024
-3.712e-03,-0.0032
-3.696e-03,-0.002
-3.680e-03,-0.0024
-3.664e-03,-0.0016
-3.648e-03,-0.0024
-3.632e-03,-0.0028
-3.616e-03,-0.002
-3.600e-03,-0.0012
-3.584e-03,-0.0024
-3.568e-03,-0.002
-3.552e-03,-0.0036
-3.536e-03,-0.0028
-3.520e-03,-0.0028
-3.504e-03,-0.002
-3.488e-03,-0.0028
-3.472e-03,-0.0024
-3.456e-03,-0.0048
-3.440e-03,-0.0024
-3.424e-03,-0.002
-3.408e-03,-0.0044
-3.392e-03,-0.0016
-3.376e-03,-0.0016
-3.360e-03,-0.0028
-3.344e-03,-0.0044
-3.328e-03,-0.002
-3.312e-03,-0.002
-3.296e-03,-0.0028
-3.280e-03,-0.0032
-3.264e-03,-0.0024
-3.248e-03,-0.002
-3.232e-03,-0.0032
-3.216e-03,-0.0036
-3.200e-03,-0.0028
-3.184e-03,-0.0032
-3.168e-03,-0.0028
-3.152e-03,-0.002
-3.136e-03,-0.0036
-3.120e-03,-0.0016
-3.104e-03,-0.0016
-3.088e-03,-0.0032
-3.072e-03,-0.0012
-3.056e-03,-0.0036
-3.040e-03,-0.0016
-3.024e-03,-0.0044
-3.008e-03,-0.0016
-2.992e-03,-0.0016
-2.976e-03,-0.0016
-2.960e-03,-0.0024
-2.944e-03,-0.0028
-2.928e-03,-0.0032
-2.912e-03,-0.002
-2.896e-03,-0.0032
-2.880e-03,-0.0032
-2.864e-03,-0.0024
-2.848e-03,-0.0024
-2.832e-03,-0.0056
-2.816e-03,-0.0028
-2.800e-03,-0.0032
-2.784e-03,-0.0008
-2.768e-03,-0.0028
-2.752e-03,-0.0024
-2.736e-03,-0.0028
-2.720e-03,-0.0028
-2.704e-03,-0.0024
-2.688e-03,-0.0012
-2.672e-03,-0.0052
-2.656e-03,-0.0024
-2.640e-03,-0.0008
-2.624e-03,-0.0024
-2.608e-03,-0.0028
-2.592e-03,-0.0032
-2.576e-03,-0.0028
-2.560e-03,-0.004
-2.544e-03,-0.0024
-2.528e-03,-0.0028
-2.512e-03,-0.0032
-2.496e-03,-0.0008
-2.480e-03,-0.0012
-2.464e-03,-0.0012
-2.448e-03,-0.0016
-2.432e-03,-0.0016
-2.416e-03,-0.0016
-2.400e-03,-0.0012
-2.384e-03,-0.0012
-2.368e-03,-0.002
-2.352e-03,-0.0024
-2.336e-03,-0.002
-2.320e-03,-0.0012
-2.304e-03,-0.0028
-2.288e-03,-0.0036
-2.272e-03,-0.002
-2.256e-03,-0.0024
-2.240e-03,-0.0012
-2.224e-03,-0.0016
-2.208e-03,-0.0016
-2.192e-03,-0.0024
-2.176e-03,-0.0004
-2.160e-03,-0.0008
-2.144e-03,-0.0028
-2.128e-03,-0.002
-2.112e-03,-0.0008
-2.096e-03,-0.0012
-2.080e-03,-0.0032
-2.064e-03,-0.0016
-2.048e-03,-0.0016
-2.032e-03,-0.002
-2.016e-03,-0.0024
-2.000e-03,-0.0028
-1.984e-03,-0.0016
-1.968e-03,-0.0024
-1.952e-03,-0.002
-1.936e-03,-0.0032
-1.920e-03,-0.0028
-1.904e-03,-0.0032
-1.888e-03,-0.0012
-1.872e-03,-0.0032
-1.856e-03,-0.0016
-1.840e-03,-0.0052
-1.824e-03,-0.004
-1.808e-03,-0.0012
-1.792e-03,-0.0004
-1.776e-03,-0.0008
-1.760e-03,-0.0024
-1.744e-03,-0.0024
-1.728e-03,-0.0008
-1.712e-03,-0.0012
-1.696e-03,-0.0028
-1.680e-03,-0.004
-1.664e-03,-0.0028
-1.648e-03,-0.002
-1.632e-03,-0.0024
-1.616e-03,-0.0028
-1.600e-03,-0.002
-1.584e-03,-0.0028
-1.568e-03,-0.002
-1.552e-03,-0.0012
-1.536e-03,-0.0028
-1.520e-03,-0.0032
-1.504e-03,-0.0024
-1.488e-03,-0.0008
-1.472e-03,-0.0024
-1.456e-03,-0.002
-1.440e-03,-0.0032
-1.424e-03,-0.0012
-1.408e-03,-0.0012
-1.392e-03,-0.002
-1.376e-03,-0.0016
-1.360e-03,-0.0028
-1.344e-03,-0.0008
-1.328e-03,-0.0012
-1.312e-03,-0.0032
-1.296e-03,-0.0036
-1.280e-03,-0.0036
-1.264e-03,-0.0024
-1.248e-03,-0.0032
-1.232e-03,-0.002
-1.216e-03,-0.0032
-1.200e-03,-0.0028
-1.184e-03,-0.0032
-1.168e-03,-0.0012
-1.152e-03,-0.0036
-1.136e-03,-0.002
-1.120e-03,-0.0016
-1.104e-03,-0.0028
-1.088e-03,-0.0028
-1.072e-03,-0.0032
-1.056e-03,0
-1.040e-03,-0.002
-1.024e-03,-0.0032
-1.008e-03,-0.0024
-9.920e-04,-0.0016
-9.760e-04,-0.0024
-9.600e-04,-0.0012
-9.440e-04,-0.002
-9.280e-04,-0.002
-9.120e-04,-0.0036
-8.960e-04,-0.0024
-8.800e-04,-0.0008
-8.640e-04,-0.0024
-8.480e-04,-0.0016
-8.320e-04,-0.0032
-8.160e-04,-0.002
-8.000e-04,-0.0012
-7.840e-04,-0.0004
-7.680e-04,-0.0012
-7.520e-04,-0.0016
-7.360e-04,-0.002
-7.200e-04,-0.002
-7.040e-04,-0.0012
-6.880e-04,-0.0032
-6.720e-04,-0.0028
-6.560e-04,-0.0024
-6.400e-04,-0.002
-6.240e-04,-0.0032
-6.080e-04,-0.002
-5.920e-04,-0.0008
-5.760e-04,-0.0016
-5.600e-04,-0.0032
-5.440e-04,-0.0036
-5.280e-04,-0.0024
-5.120e-04,-0.0024
-4.960e-04,-0.0012
-4.800e-04,-0.002
-4.640e-04,-0.0032
-4.480e-04,-0.002
-4.320e-04,-0.002
-4.160e-04,-0.002
-4.000e-04,-0.0024
-3.840e-04,-0.0012
-3.680e-04,-0.0008
-3.520e-04,-0.0016
-3.360e-04,-0.0012
-3.200e-04,-0.0016
-3.040e-04,-0.0012
-2.880e-04,-0.0008
-2.720e-04,-0.0024
-2.560e-04,-0.0024
-2.400e-04,-0.0028
-2.240e-04,-0.0036
-2.080e-04,-0.002
-1.920e-04,-0.0016
-1.760e-04,-0.0008
-1.600e-04,-0.0028
-1.440e-04,-0.0024
-1.280e-04,-0.0024
-1.120e-04,-0.0044
-9.600e-05,-0.0048
-8.000e-05,-0.002
-6.400e-05,-0.0028
-4.800e-05,-0.0032
-3.200e-05,-0.0016
-1.600e-05,-0.0016
1.365e-16,-0.002
1.600e-05,-0.004
3.200e-05,-0.0016
4.800e-05,-0.0024
6.400e-05,-0.0024
8.000e-05,-0.004
9.600e-05,-0.0008
1.120e-04,-0.0028
1.280e-04,-0.004
1.440e-04,-0.0028
1.600e-04,-0.0032
1.760e-04,-0.0028
1.920e-04,-0.0024
2.080e-04,-0.0016
2.240e-04,-0.0032
2.400e-04,-0.0024
2.560e-04,-0.0024
2.720e-04,-0.0028
2.880e-04,-0.0012
3.040e-04,-0.0012
3.200e-04,-0.0016
3.360e-04,-0.0032
3.520e-04,-0.0016
3.680e-04,-0.0004
3.840e-04,-0.0024
4.000e-04,-0.0016
4.160e-04,-0.0024
4.320e-04,-0.0008
4.480e-04,-0.0028
4.640e-04,-0.002
4.800e-04,-0.0028
4.960e-04,-0.0024
5.120e-04,-0.0024
5.280e-04,-0.0004
5.440e-04,-0.0024
5.600e-04,-0.002
5.760e-04,-0.0012
5.920e-04,-0.002
6.080e-04,-0.0016
6.240e-04,-0.0016
6.400e-04,-0.0016
6.560e-04,-0.002
6.720e-04,-0.0024
6.880e-04,-0.0016
7.040e-04,-0.0004
7.200e-04,-0.0004
7.360e-04,-0.002
7.520e-04,0.0004
7.680e-04,-0.0016
7.840e-04,-0.0024
8.000e-04,-0.0016
8.160e-04,-0.002
8.320e-04,-0.0024
8.480e-04,-0.0012
8.640e-04,-0.0016
8.800e-04,-0.0016
8.960e-04,-0.0028
9.120e-04,-0.0008
9.280e-04,-0.0024
9.440e-04,-0.002
9.600e-04,-0.0012
9.760e-04,-0.0028
9.920e-04,-0.0012
1.008e-03,-0.0012
1.024e-03,-0.0016
1.040e-03,-0.0016
1.056e-03,-0.002
1.072e-03,-0.002
1.088e-03,-0.0012
1.104e-03,-0.002
1.120e-03,-0.0032
1.136e-03,-0.0028
1.152e-03,-0.0016
1.168e-03,-0.0036
1.184e-03,-0.0024
1.200e-03,-0.0032
1.216e-03,-0.0016
1.232e-03,-0.0008
1.248e-03,-0.0012
1.264e-03,-0.0012
1.280e-03,-0.0028
1.296e-03,-0.0032
1.312e-03,-0.0016
1.328e-03,-0.0028
1.344e-03,-0.0032
1.360e-03,-0.004
1.376e-03,-0.0008
1.392e-03,-0.0024
1.408e-03,-0.0028
1.424e-03,-0.0016
1.440e-03,-0.0016
1.456e-03,-0.002
1.472e-03,-0.0024
1.488e-03,-0.0004
1.504e-03,-0.002
1.520e-03,-0.0032
1.536e-03,-0.0032
1.552e-03,-0.0024
1.568e-03,-0.0024
1.584e-03,-0.002
1.600e-03,-0.0012
1.616e-03,-0.0012
1.632e-03,-0.0016
1.648e-03,-0.002
1.664e-03,-0.002
1.680e-03,-0.0016
1.696e-03,-0.0032
1.712e-03,-0.0012
1.728e-03,-0.0024
1.744e-03,-0.0016
1.760e-03,-0.0012
1.776e-03,-0.0024
1.792e-03,-0.0028
1.808e-03,-0.0008
1.824e-03,-0.0016
1.840e-03,0
1.856e-03,-0.0008
1.872e-03,0.0004
1.888e-03,-0.002
1.904e-03,-0.0004
1.920e-03,-0.0032
1.936e-03,-0.0032
1.952e-03,-0.004
1.968e-03,-0.0028
1.984e-03,-0.0032
2.000e-03,-0.0016
2.016e-03,-0.0024
2.032e-03,-0.0008
2.048e-03,-0.0024
2.064e-03,-0.0036
2.080e-03,-0.002
2.096e-03,-0.002
2.112e-03,-0.0028
2.128e-03,-0.0032
2.144e-03,-0.002
2.160e-03,-0.0024
2.176e-03,-0.0024
2.192e-03,-0.0012
2.208e-03,-0.0028
2.224e-03,-0.0024
2.240e-03,-0.0008
2.256e-03,-0.0008
2.272e-03,-0.002
2.288e-03,-0.0016
2.304e-03,-0.0024
2.320e-03,-0.002
2.336e-03,-0.0032
2.352e-03,-0.0016
2.368e-03,-0.0012
2.384e-03,-0.0008
2.400e-03,-0.0024
2.416e-03,-0.0012
2.432e-03,-0.0028
2.448e-03,-0.0024
2.464e-03,-0.002
2.480e-03,-0.0016
2.496e-03,-0.0024
2.512e-03,-0.0024
2.528e-03,-0.0016
2.544e-03,-0.0036
2.560e-03,-0.0024
2.576e-03,-0.0032
2.592e-03,-0.0032
2.608e-03,-0.0036
2.624e-03,-0.0012
2.640e-03,-0.0024
2.656e-03,-0.0024
2.672e-03,-0.0024
2.688e-03,-0.0016
2.704e-03,-0.0016
2.720e-03,-0.0032
2.736e-03,-0.002
2.752e-03,-0.0012
2.768e-03,-0.0028
2.784e-03,-0.002
2.800e-03,-0.0028
2.816e-03,-0.002
2.832e-03,-0.0028
2.848e-03,-0.002
2.864e-03,-0.0028
2.880e-03,-0.0024
2.896e-03,-0.0032
2.912e-03,-0.0032
2.928e-03,-0.0032
2.944e-03,0.0004
2.960e-03,-0.0016
2.976e-03,-0.0024
2.992e-03,-0.0008
3.008e-03,-0.0028
3.024e-03,-0.0032
3.040e-03,-0.0024
3.056e-03,-0.0028
3.072e-03,-0.0036
3.088e-03,-0.0024
3.104e-03,-0.0028
3.120e-03,-0.0004
3.136e-03,-0.0028
3.152e-03,-0.004
3.168e-03,-0.0032
3.184e-03,-0.0032
3.200e-03,-0.0032
3.216e-03,-0.0028
3.232e-03,-0.0036
3.248e-03,-0.004
3.264e-03,-0.002
3.280e-03,-0.0028
3.296e-03,-0.0028
3.312e-03,-0.0028
3.328e-03,-0.0024
3.344e-03,-0.0028
3.360e-03,-0.0024
3.376e-03,-0.0032
3.392e-03,-0.0028
3.408e-03,-0.0008
3.424e-03,-0.0024
3.440e-03,-0.0044
3.456e-03,-0.0028
3.472e-03,-0.0036
3.488e-03,-0.004
3.504e-03,-0.0024
3.520e-03,-0.004
3.536e-03,-0.0032
3.552e-03,-0.002
3.568e-03,-0.0024
3.584e-03,-0.0016
3.600e-03,-0.0024
3.616e-03,-0.0024
3.632e-03,-0.0028
3.648e-03,-0.002
3.664e-03,0
3.680e-03,-0.0028
3.696e-03,-0.002
3.712e-03,-0.0036
3.728e-03,-0.0036
3.744e-03,-0.0004
3.760e-03,-0.0028
3.776e-03,-0.002
3.792e-03,-0.0024
3.808e-03,-0.0024
3.824e-03,-0.0024
3.840e-03,-0.0024
3.856e-03,-0.0028
3.872e-03,-0.0024
3.888e-03,-0.0028
3.904e-03,-0.0032
3.920e-03,-0.0024
3.936e-03,-0.004
3.952e-03,-0.0024
3.968e-03,-0.0028
3.984e-03,-0.0028
4.000e-03,-0.0024
4.016e-03,-0.002
4.032e-03,-0.0024
4.048e-03,-0.0032
4.064e-03,-0.0028
4.080e-03,-0.002
4.096e-03,-0.0028
4.112e-03,-0.004
4.128e-03,-0.0032
4.144e-03,-0.0016
4.160e-03,-0.0032
4.176e-03,-0.002
4.192e-03,-0.0024
4.208e-03,-0.002
4.224e-03,-0.0028
4.240e-03,-0.0028
4.256e-03,-0.004
4.272e-03,-0.0016
4.288e-03,-0.004
4.304e-03,-0.0028
4.320e-03,-0.0008
4.336e-03,-0.004
4.352e-03,-0.0024
4.368e-03,-0.0024
4.384e-03,-0.0044
4.400e-03,-0.0032
4.416e-03,-0.0032
4.432e-03,-0.0036
4.448e-03,-0.0024
4.464e-03,-0.0036
4.480e-03,-0.0024
4.496e-03,-0.0024
4.512e-03,-0.0032
4.528e-03,-0.002
4.544e-03,-0.0044
4.560e-03,-0.0028
4.576e-03,-0.0044
4.592e-03,-0.0012
4.608e-03,-0.0036
4.624e-03,-0.0012
4.640e-03,-0.0036
4.656e-03,-0.0036
4.672e-03,-0.0024
4.688e-03,-0.0036
4.704e-03,-0.002
4.720e-03,-0.0024
4.736e-03,-0.004
4.752e-03,-0.0036
4.768e-03,-0.0024
4.784e-03,-0.0032
4.800e-03,-0.0032
4.816e-03,-0.0036
4.832e-03,-0.004
4.848e-03,-0.0036
4.864e-03,-0.0032
4.880e-03,-0.002
4.896e-03,-0.0016
4.912e-03,-0.004
4.928e-03,-0.0028
4.944e-03,-0.002
4.960e-03,-0.0024
4.976e-03,-0.0036
4.992e-03,-0.0044
5.008e-03,-0.0044
5.024e-03,-0.002
5.040e-03,-0.004
5.056e-03,-0.0044
5.072e-03,-0.0012
5.088e-03,-0.0016
5.104e-03,-0.0048
5.120e-03,-0.0032
5.136e-03,-0.004
5.152e-03,-0.0028
5.168e-03,-0.0036
5.184e-03,-0.0048
5.200e-03,-0.0032
5.216e-03,-0.0028
5.232e-03,-0.0032
5.248e-03,-0.002
5.264e-03,-0.004
5.280e-03,-0.0028
5.296e-03,-0.0032
5.312e-03,-0.0032
5.328e-03,-0.0016
5.344e-03,-0.0032
5.360e-03,-0.004
5.376e-03,-0.0024
5.392e-03,-0.0036
5.408e-03,-0.004
5.424e-03,-0.004
5.440e-03,-0.0056
5.456e-03,-0.0032
5.472e-03,-0.0028
5.488e-03,-0.004
5.504e-03,-0.0032
5.520e-03,-0.0048
5.536e-03,-0.0036
5.552e-03,-0.004
5.568e-03,-0.0032
5.584e-03,-0.0032
5.600e-03,-0.0036
5.616e-03,-0.0032
5.632e-03,-0.004
5.648e-03,-0.0052
5.664e-03,-0.0028
5.680e-03,-0.0032
5.696e-03,-0.0044
5.712e-03,-0.0032
5.728e-03,-0.0044
5.744e-03,-0.004
5.760e-03,-0.0036
5.776e-03,-0.0028
5.792e-03,-0.0044
5.808e-03,-0.0048
5.824e-03,-0.0048
5.840e-03,-0.0036
5.856e-03,-0.0032
5.872e-03,-0.004
5.888e-03,-0.0024
5.904e-03,-0.0036
5.920e-03,-0.0028
5.936e-03,-0.0024
5.952e-03,-0.002
5.968e-03,-0.0028
5.984e-03,-0.004
6.000e-03,-0.0028
6.016e-03,-0.004
6.032e-03,-0.0028
6.048e-03,-0.0036
6.064e-03,-0.004
6.080e-03,-0.0028
6.096e-03,-0.0052
6.112e-03,-0.0028
6.128e-03,-0.0052
6.144e-03,-0.0028
6.160e-03,-0.0056
6.176e-03,-0.0036
6.192e-03,-0.0016
6.208e-03,-0.0044
6.224e-03,-0.004
6.240e-03,-0.0036
6.256e-03,-0.0036
6.272e-03,-0.0032
6.288e-03,-0.0032
6.304e-03,-0.002
6.320e-03,-0.0044
6.336e-03,-0.0052
6.352e-03,-0.004
6.368e-03,-0.0028
6.384e-03,-0.004
6.400e-03,-0.0032
6.416e-03,-0.0028
6.432e-03,-0.0044
6.448e-03,-0.0052
6.464e-03,-0.0032
6.480e-03,-0.0044
6.496e-03,-0.0048
6.512e-03,-0.004
6.528e-03,-0.0032
6.544e-03,-0.0036
6.560e-03,-0.0048
6.576e-03,-0.0032
6.592e-03,-0.0048
6.608e-03,-0.0012
6.624e-03,-0.0028
6.640e-03,-0.0036
6.656e-03,-0.0032
6.672e-03,-0.0056
6.688e-03,-0.0044
6.704e-03,-0.004
6.720e-03,-0.0028
6.736e-03,-0.0032
6.752e-03,-0.0036
6.768e-03,-0.0024
6.784e-03,-0.0036
6.800e-03,-0.0044
6.816e-03,-0.004
6.832e-03,-0.0028
6.848e-03,-0.0048
6.864e-03,-0.0036
6.880e-03,-0.0028
6.896e-03,-0.002
6.912e-03,-0.0032
6.928e-03,-0.0044
6.944e-03,-0.004
6.960e-03,-0.004
6.976e-03,-0.0024
6.992e-03,-0.0044
7.008e-03,-0.0048
7.024e-03,-0.0032
7.040e-03,-0.0028
7.056e-03,-0.0036
7.072e-03,-0.0024
7.088e-03,-0.004
7.104e-03,-0.0048
7.120e-03,-0.0048
7.136e-03,-0.004
7.152e-03,-0.0044
7.168e-03,-0.0044
7.184e-03,-0.004
7.200e-03,-0.0032
7.216e-03,-0.0044
7.232e-03,-0.0044
7.248e-03,-0.0044
7.264e-03,-0.004
7.280e-03,-0.0048
7.296e-03,-0.0036
7.312e-03,-0.0028
7.328e-03,-0.0024
7.344e-03,-0.0044
7.360e-03,-0.0048
7.376e-03,-0.0036
7.392e-03,-0.0048
7.408e-03,-0.004
7.424e-03,-0.0024
7.440e-03,-0.0044
7.456e-03,-0.0048
7.472e-03,-0.0044
7.488e-03,-0.0044
7.504e-03,-0.0028
7.520e-03,-0.0032
7.536e-03,-0.0048
7.552e-03,-0.0056
7.568e-03,-0.0024
7.584e-03,-0.0044
7.600e-03,-0.0032
7.616e-03,-0.0052
7.632e-03,-0.0044
7.648e-03,-0.004
7.664e-03,-0.0048
7.680e-03,-0.0068
7.696e-03,-0.002
7.712e-03,-0.0048
7.728e-03,-0.004
7.744e-03,-0.0036
7.760e-03,-0.0024
7.776e-03,-0.0028
7.792e-03,-0.0044
7.808e-03,-0.0024
7.824e-03,-0.0036
7.840e-03,-0.0044
7.856e-03,-0.004
7.872e-03,-0.0028
7.888e-03,-0.0024
7.904e-03,-0.0052
7.920e-03,-0.0024
7.936e-03,-0.004
7.952e-03,-0.0028
7.968e-03,-0.0028
7.984e-03,-0.0048
8.000e-03,-0.0052
8.016e-03,-0.0044
8.032e-03,-0.0044
8.048e-03,-0.006
8.064e-03,-0.004
8.080e-03,-0.0036
8.096e-03,-0.0052
8.112e-03,-0.0044
8.128e-03,-0.0028
8.144e-03,-0.0044
8.160e-03,-0.0048
8.176e-03,-0.0036
8.192e-03,-0.004
8.208e-03,-0.0036
8.224e-03,-0.0032
8.240e-03,-0.0028
8.256e-03,-0.0048
8.272e-03,-0.0048
8.288e-03,-0.0028
8.304e-03,-0.0036
8.320e-03,-0.0032
8.336e-03,-0.0048
8.352e-03,-0.0036
8.368e-03,-0.0032
8.384e-03,-0.0032
8.400e-03,-0.0052
8.416e-03,-0.0024
8.432e-03,-0.004
8.448e-03,-0.0028
8.464e-03,-0.0032
8.480e-03,-0.004
8.496e-03,-0.004
8.512e-03,-0.0032
8.528e-03,-0.0032
8.544e-03,-0.0048
8.560e-03,-0.0056
8.576e-03,-0.0036
8.592e-03,-0.002
8.608e-03,-0.004
8.624e-03,-0.0048
8.640e-03,-0.004
8.656e-03,-0.0036
8.672e-03,-0.0032
8.688e-03,-0.0028
8.704e-03,-0.0032
8.720e-03,-0.0032
8.736e-03,-0.0056
8.752e-03,-0.0032
8.768e-03,-0.0032
8.784e-03,-0.0044
8.800e-03,-0.0032
8.816e-03,-0.0032
8.832e-03,-0.0032
8.848e-03,-0.0048
8.864e-03,-0.0044
8.880e-03,-0.0028
8.896e-03,-0.004
8.912e-03,-0.0044
8.928e-03,-0.0048
8.944e-03,-0.0056
8.960e-03,-0.0036
8.976e-03,-0.002
8.992e-03,-0.0036
9.008e-03,-0.0028
9.024e-03,-0.002
9.040e-03,-0.0044
9.056e-03,-0.0056
9.072e-03,-0.0036
9.088e-03,-0.0048
9.104e-03,-0.0044
9.120e-03,-0.0036
9.136e-03,-0.0044
9.152e-03,-0.0032
9.168e-03,-0.004
9.184e-03,-0.004
9.200e-03,-0.004
9.216e-03,-0.0032
9.232e-03,-0.0064
9.248e-03,-0.004
9.264e-03,-0.0052
9.280e-03,-0.0052
9.296e-03,-0.0032
9.312e-03,-0.0056
9.328e-03,-0.0028
9.344e-03,-0.0044
9.360e-03,-0.0052
9.376e-03,-0.004
9.392e-03,-0.002
9.408e-03,-0.0036
9.424e-03,-0.004
9.440e-03,-0.0044
9.456e-03,-0.0044
9.472e-03,-0.0044
9.488e-03,-0.0068
9.504e-03,-0.0052
9.520e-03,-0.0036
9.536e-03,-0.0056
9.552e-03,-0.0052
9.568e-03,-0.0044
9.584e-03,-0.0052
9.600e-03,-0.006
9.616e-03,-0.0048
9.632e-03,-0.004
9.648e-03,-0.0032
9.664e-03,-0.0056
9.680e-03,-0.0048
9.696e-03,-0.0032
9.712e-03,-0.0044
9.728e-03,-0.0036
9.744e-03,-0.0032
9.760e-03,-0.004
9.776e-03,-0.0028
9.792e-03,-0.0052
9.808e-03,-0.004
9.824e-03,-0.0052
9.840e-03,-0.0032
9.856e-03,-0.0056
9.872e-03,-0.0032
9.888e-03,-0.0044
9.904e-03,-0.0032
9.920e-03,-0.004
9.936e-03,-0.0028
9.952e-03,-0.0048
9.968e-03,-0.0048
9.984e-03,-0.0028
1.000e-02,-0.004
1.002e-02,-0.0032
1.003e-02,-0.0028
1.005e-02,-0.0032
1.006e-02,-0.0036
1.008e-02,-0.002
1.010e-02,-0.0044
1.011e-02,-0.0048
1.013e-02,-0.0032
1.014e-02,-0.004
1.016e-02,-0.0028
1.018e-02,-0.0048
1.019e-02,-0.004
1.021e-02,-0.0048
1.022e-02,-0.0048
1.024e-02,-0.0048
1.026e-02,-0.0048
1.027e-02,-0.0032
1.029e-02,-0.0036
1.030e-02,-0.0032
1.032e-02,-0.0032
1.034e-02,-0.0048
1.035e-02,-0.0056
1.037e-02,-0.0028
1.038e-02,-0.006
1.040e-02,-0.0044
1.042e-02,-0.004
1.043e-02,-0.0032
1.045e-02,-0.0052
1.046e-02,-0.0028
1.048e-02,-0.004
1.050e-02,-0.0036
1.051e-02,-0.0044
1.053e-02,-0.004
1.054e-02,-0.0048
1.056e-02,-0.0032
1.058e-02,-0.0012
1.059e-02,-0.0048
1.061e-02,-0.0036
1.062e-02,-0.004
1.064e-02,-0.0036
1.066e-02,-0.004
1.067e-02,-0.0044
1.069e-02,-0.0028
1.070e-02,-0.004
1.072e-02,-0.006
1.074e-02,-0.0044
1.075e-02,-0.0048
1.077e-02,-0.0048
1.078e-02,-0.0032
1.080e-02,-0.0048
1.082e-02,-0.0052
1.083e-02,-0.0036
1.085e-02,-0.004
1.086e-02,-0.0032
1.088e-02,-0.0044
1.090e-02,-0.0052
1.091e-02,-0.0036
1.093e-02,-0.0052
1.094e-02,-0.0032
1.096e-02,-0.0044
1.098e-02,-0.0036
1.099e-02,-0.0028
1.101e-02,-0.0044
1.102e-02,-0.0044
1.104e-02,-0.004
1.106e-02,-0.0028
1.107e-02,-0.004
1.109e-02,-0.0048
1.110e-02,-0.0048
1.112e-02,-0.0036
1.114e-02,-0.0044
1.115e-02,-0.004
1.117e-02,-0.0056
1.118e-02,-0.0048
1.120e-02,-0.0028
1.122e-02,-0.004
1.123e-02,-0.0044
1.125e-02,-0.0052
1.126e-02,-0.0036
1.128e-02,-0.006
1.130e-02,-0.0032
1.131e-02,-0.0052
1.133e-02,-0.0032
1.134e-02,-0.0036
1.136e-02,-0.004
1.138e-02,-0.006
1.139e-02,-0.0036
1.141e-02,-0.0044
1.142e-02,-0.0044
1.144e-02,-0.0036
1.146e-02,-0.0044
1.147e-02,-0.0036
1.149e-02,-0.0048
1.150e-02,-0.006
1.152e-02,-0.0028
1.154e-02,-0.0068
1.155e-02,-0.0052
1.157e-02,-0.0036
1.158e-02,-0.0024
1.160e-02,-0.004
1.162e-02,-0.004
1.163e-02,-0.004
1.165e-02,-0.0028
1.166e-02,-0.0044
1.168e-02,-0.006
1.170e-02,-0.0036
1.171e-02,-0.0032
1.173e-02,-0.0044
1.174e-02,-0.004
1.176e-02,-0.0036
1.178e-02,-0.0036
1.179e-02,-0.004
1.181e-02,-0.0036
1.182e-02,-0.004
1.184e-02,-0.004
1.186e-02,-0.004
1.187e-02,-0.004
1.189e-02,-0.004
1.190e-02,-0.0056
1.192e-02,-0.0052
1.194e-02,-0.004
1.195e-02,-0.0072
1.197e-02,-0.0052
1.198e-02,-0.004
1.200e-02,-0.004
1.202e-02,-0.0056
1.203e-02,-0.0032
1.205e-02,-0.0044
1.206e-02,-0.004
1.208e-02,-0.0052
1.210e-02,-0.004
1.211e-02,-0.0032
1.213e-02,-0.0048
1.214e-02,-0.0044
1.216e-02,-0.0032
1.218e-02,-0.0024
1.219e-02,-0.0052
1.221e-02,-0.004
1.222e-02,-0.0052
1.224e-02,-0.0048
1.226e-02,-0.004
1.227e-02,-0.0036
1.229e-02,-0.0048
1.230e-02,-0.004
1.232e-02,-0.004
1.234e-02,-0.0036
1.235e-02,-0.0036
1.237e-02,-0.0028
1.238e-02,-0.0044
1.240e-02,-0.0036
1.242e-02,-0.0028
1.243e-02,-0.004
1.245e-02,-0.0044
1.246e-02,-0.0024
1.248e-02,-0.0028
1.250e-02,-0.0028
1.251e-02,-0.0028
1.253e-02,-0.0048
1.254e-02,-0.0028
1.256e-02,-0.0024
1.258e-02,-0.0036
1.259e-02,-0.004
1.261e-02,-0.0032
1.262e-02,-0.0036
1.264e-02,-0.004
1.266e-02,-0.0028
1.267e-02,-0.0044
1.269e-02,-0.0056
1.270e-02,-0.002
1.272e-02,-0.0024
1.274e-02,-0.0024
1.275e-02,-0.004
1.277e-02,-0.0052
1.278e-02,-0.0044
1.280e-02,-0.0036
1.282e-02,-0.0024
1.283e-02,-0.004
1.285e-02,-0.0044
1.286e-02,-0.0028
1.288e-02,-0.0044
1.290e-02,-0.0044
1.291e-02,-0.004
1.293e-02,-0.004
1.294e-02,-0.0024
1.296e-02,-0.0032
1.298e-02,-0.0032
1.299e-02,-0.0032
1.301e-02,-0.0028
1.302e-02,-0.004
1.304e-02,-0.0048
1.306e-02,-0.0044
1.307e-02,-0.0032
1.309e-02,-0.0036
1.310e-02,-0.0032
1.312e-02,-0.0036
1.314e-02,-0.0024
1.315e-02,-0.0036
1.317e-02,-0.004
1.318e-02,-0.0048
1.320e-02,-0.004
1.322e-02,-0.004
1.323e-02,-0.0052
1.325e-02,-0.0028
1.326e-02,-0.004
1.328e-02,-0.0036
1.330e-02,-0.0028
1.331e-02,-0.0028
1.333e-02,-0.0044
1.334e-02,-0.0028
1.336e-02,-0.0036
1.338e-02,-0.0024
1.339e-02,-0.0024
1.341e-02,-0.0028
1.342e-02,-0.002
1.344e-02,-0.0028
1.346e-02,-0.0028
1.347e-02,-0.0036
1.349e-02,-0.0032
1.350e-02,-0.0032
1.352e-02,-0.0056
1.354e-02,-0.0032
1.355e-02,-0.0032
1.357e-02,-0.0028
1.358e-02,-0.0048
1.360e-02,-0.0024
1.362e-02,-0.0028
1.363e-02,-0.0044
1.365e-02,-0.0032
1.366e-02,-0.0036
1.368e-02,-0.0052
1.370e-02,-0.0036
1.371e-02,-0.0032
1.373e-02,-0.004
1.374e-02,-0.0028
1.376e-02,-0.0052
1.378e-02,-0.0036
1.379e-02,-0.0036
1.381e-02,-0.0044
1.382e-02,-0.0028
1.384e-02,-0.004
1.386e-02,-0.004
1.387e-02,-0.0028
1.389e-02,-0.0024
1.390e-02,-0.0028
1.392e-02,-0.0016
1.394e-02,-0.0032
1.395e-02,-0.0024
1.397e-02,-0.0032
1.398e-02,-0.004
1.400e-02,-0.0028
1.402e-02,-0.0036
1.403e-02,-0.0024
1.405e-02,-0.0036
1.406e-02,-0.0012
1.408e-02,-0.0028
1.410e-02,-0.0012
1.411e-02,-0.0036
1.413e-02,-0.0036
1.414e-02,-0.0032
1.416e-02,-0.0032
1.418e-02,-0.0032
1.419e-02,-0.0024
1.421e-02,-0.0028
1.422e-02,-0.0048
1.424e-02,-0.0032
1.426e-02,-0.0016
1.427e-02,-0.004
1.429e-02,-0.0016
1.430e-02,-0.0032
1.432e-02,-0.0024
1.434e-02,-0.0024
1.435e-02,-0.0044
1.437e-02,-0.0016
1.438e-02,-0.002
1.440e-02,-0.0016
1.442e-02,-0.0036
1.443e-02,-0.0024
1.445e-02,-0.0028
1.446e-02,-0.004
1.448e-02,-0.0024
1.450e-02,-0.004
1.451e-02,-0.0024
1.453e-02,-0.0048
1.454e-02,-0.0028
1.456e-02,-0.0048
1.458e-02,-0.0036
1.459e-02,-0.004
1.461e-02,-0.0048
1.462e-02,-0.0028
1.464e-02,-0.0032
1.466e-02,-0.0024
1.467e-02,-0.0044
1.469e-02,-0.0044
1.470e-02,-0.0024

